,Survived,Age,Fare,Pclass
0,0.0,22.0,7.25,3
1,1.0,38.0,71.2833,1
2,1.0,26.0,7.925,3
3,1.0,35.0,53.1,1
4,0.0,35.0,8.05,3
5,0.0,,8.4583,3
6,0.0,54.0,51.8625,1
7,0.0,2.0,21.075,3
8,1.0,27.0,11.1333,3
9,1.0,14.0,30.0708,2
10,1.0,4.0,16.7,3
11,1.0,58.0,26.55,1
12,0.0,20.0,8.05,3
13,0.0,39.0,31.275,3
14,0.0,14.0,7.8542,3
15,1.0,55.0,16.0,2
16,0.0,2.0,29.125,3
17,1.0,,13.0,2
18,0.0,31.0,18.0,3
19,1.0,,7.225,3
20,0.0,35.0,26.0,2
21,1.0,34.0,13.0,2
22,1.0,15.0,8.0292,3
23,1.0,28.0,35.5,1
24,0.0,8.0,21.075,3
25,1.0,38.0,31.3875,3
26,0.0,,7.225,3
27,0.0,19.0,263.0,1
28,1.0,,7.8792,3
29,0.0,,7.8958,3
30,0.0,40.0,27.7208,1
31,1.0,,146.5208,1
32,1.0,,7.75,3
33,0.0,66.0,10.5,2
34,0.0,28.0,82.1708,1
35,0.0,42.0,52.0,1
36,1.0,,7.2292,3
37,0.0,21.0,8.05,3
38,0.0,18.0,18.0,3
39,1.0,14.0,11.2417,3
40,0.0,40.0,9.475,3
41,0.0,27.0,21.0,2
42,0.0,,7.8958,3
43,1.0,3.0,41.5792,2
44,1.0,19.0,7.8792,3
45,0.0,,8.05,3
46,0.0,,15.5,3
47,1.0,,7.75,3
48,0.0,,21.6792,3
49,0.0,18.0,17.8,3
50,0.0,7.0,39.6875,3
51,0.0,21.0,7.8,3
52,1.0,49.0,76.7292,1
53,1.0,29.0,26.0,2
54,0.0,65.0,61.9792,1
55,1.0,,35.5,1
56,1.0,21.0,10.5,2
57,0.0,28.5,7.2292,3
58,1.0,5.0,27.75,2
59,0.0,11.0,46.9,3
60,0.0,22.0,7.2292,3
61,1.0,38.0,80.0,1
62,0.0,45.0,83.475,1
63,0.0,4.0,27.9,3
64,0.0,,27.7208,1
65,1.0,,15.2458,3
66,1.0,29.0,10.5,2
67,0.0,19.0,8.1583,3
68,1.0,17.0,7.925,3
69,0.0,26.0,8.6625,3
70,0.0,32.0,10.5,2
71,0.0,16.0,46.9,3
72,0.0,21.0,73.5,2
73,0.0,26.0,14.4542,3
74,1.0,32.0,56.4958,3
75,0.0,25.0,7.65,3
76,0.0,,7.8958,3
77,0.0,,8.05,3
78,1.0,0.83,29.0,2
79,1.0,30.0,12.475,3
80,0.0,22.0,9.0,3
81,1.0,29.0,9.5,3
82,1.0,,7.7875,3
83,0.0,28.0,47.1,1
84,1.0,17.0,10.5,2
85,1.0,33.0,15.85,3
86,0.0,16.0,34.375,3
87,0.0,,8.05,3
88,1.0,23.0,263.0,1
89,0.0,24.0,8.05,3
90,0.0,29.0,8.05,3
91,0.0,20.0,7.8542,3
92,0.0,46.0,61.175,1
93,0.0,26.0,20.575,3
94,0.0,59.0,7.25,3
95,0.0,,8.05,3
96,0.0,71.0,34.6542,1
97,1.0,23.0,63.3583,1
98,1.0,34.0,23.0,2
99,0.0,34.0,26.0,2
100,0.0,28.0,7.8958,3
101,0.0,,7.8958,3
102,0.0,21.0,77.2875,1
103,0.0,33.0,8.6542,3
104,0.0,37.0,7.925,3
105,0.0,28.0,7.8958,3
106,1.0,21.0,7.65,3
107,1.0,,7.775,3
108,0.0,38.0,7.8958,3
109,1.0,,24.15,3
110,0.0,47.0,52.0,1
111,0.0,14.5,14.4542,3
112,0.0,22.0,8.05,3
113,0.0,20.0,9.825,3
114,0.0,17.0,14.4583,3
115,0.0,21.0,7.925,3
116,0.0,70.5,7.75,3
117,0.0,29.0,21.0,2
118,0.0,24.0,247.5208,1
119,0.0,2.0,31.275,3
120,0.0,21.0,73.5,2
121,0.0,,8.05,3
122,0.0,32.5,30.0708,2
123,1.0,32.5,13.0,2
124,0.0,54.0,77.2875,1
125,1.0,12.0,11.2417,3
126,0.0,,7.75,3
127,1.0,24.0,7.1417,3
128,1.0,,22.3583,3
129,0.0,45.0,6.975,3
130,0.0,33.0,7.8958,3
131,0.0,20.0,7.05,3
132,0.0,47.0,14.5,3
133,1.0,29.0,26.0,2
134,0.0,25.0,13.0,2
135,0.0,23.0,15.0458,2
136,1.0,19.0,26.2833,1
137,0.0,37.0,53.1,1
138,0.0,16.0,9.2167,3
139,0.0,24.0,79.2,1
140,0.0,,15.2458,3
141,1.0,22.0,7.75,3
142,1.0,24.0,15.85,3
143,0.0,19.0,6.75,3
144,0.0,18.0,11.5,2
145,0.0,19.0,36.75,2
146,1.0,27.0,7.7958,3
147,0.0,9.0,34.375,3
148,0.0,36.5,26.0,2
149,0.0,42.0,13.0,2
150,0.0,51.0,12.525,2
151,1.0,22.0,66.6,1
152,0.0,55.5,8.05,3
153,0.0,40.5,14.5,3
154,0.0,,7.3125,3
155,0.0,51.0,61.3792,1
156,1.0,16.0,7.7333,3
157,0.0,30.0,8.05,3
158,0.0,,8.6625,3
159,0.0,,69.55,3
160,0.0,44.0,16.1,3
161,1.0,40.0,15.75,2
162,0.0,26.0,7.775,3
163,0.0,17.0,8.6625,3
164,0.0,1.0,39.6875,3
165,1.0,9.0,20.525,3
166,1.0,,55.0,1
167,0.0,45.0,27.9,3
168,0.0,,25.925,1
169,0.0,28.0,56.4958,3
170,0.0,61.0,33.5,1
171,0.0,4.0,29.125,3
172,1.0,1.0,11.1333,3
173,0.0,21.0,7.925,3
174,0.0,56.0,30.6958,1
175,0.0,18.0,7.8542,3
176,0.0,,25.4667,3
177,0.0,50.0,28.7125,1
178,0.0,30.0,13.0,2
179,0.0,36.0,0.0,3
180,0.0,,69.55,3
181,0.0,,15.05,2
182,0.0,9.0,31.3875,3
183,1.0,1.0,39.0,2
184,1.0,4.0,22.025,3
185,0.0,,50.0,1
186,1.0,,15.5,3
187,1.0,45.0,26.55,1
188,0.0,40.0,15.5,3
189,0.0,36.0,7.8958,3
190,1.0,32.0,13.0,2
191,0.0,19.0,13.0,2
192,1.0,19.0,7.8542,3
193,1.0,3.0,26.0,2
194,1.0,44.0,27.7208,1
195,1.0,58.0,146.5208,1
196,0.0,,7.75,3
197,0.0,42.0,8.4042,3
198,1.0,,7.75,3
199,0.0,24.0,13.0,2
200,0.0,28.0,9.5,3
201,0.0,,69.55,3
202,0.0,34.0,6.4958,3
203,0.0,45.5,7.225,3
204,1.0,18.0,8.05,3
205,0.0,2.0,10.4625,3
206,0.0,32.0,15.85,3
207,1.0,26.0,18.7875,3
208,1.0,16.0,7.75,3
209,1.0,40.0,31.0,1
210,0.0,24.0,7.05,3
211,1.0,35.0,21.0,2
212,0.0,22.0,7.25,3
213,0.0,30.0,13.0,2
214,0.0,,7.75,3
215,1.0,31.0,113.275,1
216,1.0,27.0,7.925,3
217,0.0,42.0,27.0,2
218,1.0,32.0,76.2917,1
219,0.0,30.0,10.5,2
220,1.0,16.0,8.05,3
221,0.0,27.0,13.0,2
222,0.0,51.0,8.05,3
223,0.0,,7.8958,3
224,1.0,38.0,90.0,1
225,0.0,22.0,9.35,3
226,1.0,19.0,10.5,2
227,0.0,20.5,7.25,3
228,0.0,18.0,13.0,2
229,0.0,,25.4667,3
230,1.0,35.0,83.475,1
231,0.0,29.0,7.775,3
232,0.0,59.0,13.5,2
233,1.0,5.0,31.3875,3
234,0.0,24.0,10.5,2
235,0.0,,7.55,3
236,0.0,44.0,26.0,2
237,1.0,8.0,26.25,2
238,0.0,19.0,10.5,2
239,0.0,33.0,12.275,2
240,0.0,,14.4542,3
241,1.0,,15.5,3
242,0.0,29.0,10.5,2
243,0.0,22.0,7.125,3
244,0.0,30.0,7.225,3
245,0.0,44.0,90.0,1
246,0.0,25.0,7.775,3
247,1.0,24.0,14.5,2
248,1.0,37.0,52.5542,1
249,0.0,54.0,26.0,2
250,0.0,,7.25,3
251,0.0,29.0,10.4625,3
252,0.0,62.0,26.55,1
253,0.0,30.0,16.1,3
254,0.0,41.0,20.2125,3
255,1.0,29.0,15.2458,3
256,1.0,,79.2,1
257,1.0,30.0,86.5,1
258,1.0,35.0,512.3292,1
259,1.0,50.0,26.0,2
260,0.0,,7.75,3
261,1.0,3.0,31.3875,3
262,0.0,52.0,79.65,1
263,0.0,40.0,0.0,1
264,0.0,,7.75,3
265,0.0,36.0,10.5,2
266,0.0,16.0,39.6875,3
267,1.0,25.0,7.775,3
268,1.0,58.0,153.4625,1
269,1.0,35.0,135.6333,1
270,0.0,,31.0,1
271,1.0,25.0,0.0,3
272,1.0,41.0,19.5,2
273,0.0,37.0,29.7,1
274,1.0,,7.75,3
275,1.0,63.0,77.9583,1
276,0.0,45.0,7.75,3
277,0.0,,0.0,2
278,0.0,7.0,29.125,3
279,1.0,35.0,20.25,3
280,0.0,65.0,7.75,3
281,0.0,28.0,7.8542,3
282,0.0,16.0,9.5,3
283,1.0,19.0,8.05,3
284,0.0,,26.0,1
285,0.0,33.0,8.6625,3
286,1.0,30.0,9.5,3
287,0.0,22.0,7.8958,3
288,1.0,42.0,13.0,2
289,1.0,22.0,7.75,3
290,1.0,26.0,78.85,1
291,1.0,19.0,91.0792,1
292,0.0,36.0,12.875,2
293,0.0,24.0,8.85,3
294,0.0,24.0,7.8958,3
295,0.0,,27.7208,1
296,0.0,23.5,7.2292,3
297,0.0,2.0,151.55,1
298,1.0,,30.5,1
299,1.0,50.0,247.5208,1
300,1.0,,7.75,3
301,1.0,,23.25,3
302,0.0,19.0,0.0,3
303,1.0,,12.35,2
304,0.0,,8.05,3
305,1.0,0.92,151.55,1
306,1.0,,110.8833,1
307,1.0,17.0,108.9,1
308,0.0,30.0,24.0,2
309,1.0,30.0,56.9292,1
310,1.0,24.0,83.1583,1
311,1.0,18.0,262.375,1
312,0.0,26.0,26.0,2
313,0.0,28.0,7.8958,3
314,0.0,43.0,26.25,2
315,1.0,26.0,7.8542,3
316,1.0,24.0,26.0,2
317,0.0,54.0,14.0,2
318,1.0,31.0,164.8667,1
319,1.0,40.0,134.5,1
320,0.0,22.0,7.25,3
321,0.0,27.0,7.8958,3
322,1.0,30.0,12.35,2
323,1.0,22.0,29.0,2
324,0.0,,69.55,3
325,1.0,36.0,135.6333,1
326,0.0,61.0,6.2375,3
327,1.0,36.0,13.0,2
328,1.0,31.0,20.525,3
329,1.0,16.0,57.9792,1
330,1.0,,23.25,3
331,0.0,45.5,28.5,1
332,0.0,38.0,153.4625,1
333,0.0,16.0,18.0,3
334,1.0,,133.65,1
335,0.0,,7.8958,3
336,0.0,29.0,66.6,1
337,1.0,41.0,134.5,1
338,1.0,45.0,8.05,3
339,0.0,45.0,35.5,1
340,1.0,2.0,26.0,2
341,1.0,24.0,263.0,1
342,0.0,28.0,13.0,2
343,0.0,25.0,13.0,2
344,0.0,36.0,13.0,2
345,1.0,24.0,13.0,2
346,1.0,40.0,13.0,2
347,1.0,,16.1,3
348,1.0,3.0,15.9,3
349,0.0,42.0,8.6625,3
350,0.0,23.0,9.225,3
351,0.0,,35.0,1
352,0.0,15.0,7.2292,3
353,0.0,25.0,17.8,3
354,0.0,,7.225,3
355,0.0,28.0,9.5,3
356,1.0,22.0,55.0,1
357,0.0,38.0,13.0,2
358,1.0,,7.8792,3
359,1.0,,7.8792,3
360,0.0,40.0,27.9,3
361,0.0,29.0,27.7208,2
362,0.0,45.0,14.4542,3
363,0.0,35.0,7.05,3
364,0.0,,15.5,3
365,0.0,30.0,7.25,3
366,1.0,60.0,75.25,1
367,1.0,,7.2292,3
368,1.0,,7.75,3
369,1.0,24.0,69.3,1
370,1.0,25.0,55.4417,1
371,0.0,18.0,6.4958,3
372,0.0,19.0,8.05,3
373,0.0,22.0,135.6333,1
374,0.0,3.0,21.075,3
375,1.0,,82.1708,1
376,1.0,22.0,7.25,3
377,0.0,27.0,211.5,1
378,0.0,20.0,4.0125,3
379,0.0,19.0,7.775,3
380,1.0,42.0,227.525,1
381,1.0,1.0,15.7417,3
382,0.0,32.0,7.925,3
383,1.0,35.0,52.0,1
384,0.0,,7.8958,3
385,0.0,18.0,73.5,2
386,0.0,1.0,46.9,3
387,1.0,36.0,13.0,2
388,0.0,,7.7292,3
389,1.0,17.0,12.0,2
390,1.0,36.0,120.0,1
391,1.0,21.0,7.7958,3
392,0.0,28.0,7.925,3
393,1.0,23.0,113.275,1
394,1.0,24.0,16.7,3
395,0.0,22.0,7.7958,3
396,0.0,31.0,7.8542,3
397,0.0,46.0,26.0,2
398,0.0,23.0,10.5,2
399,1.0,28.0,12.65,2
400,1.0,39.0,7.925,3
401,0.0,26.0,8.05,3
402,0.0,21.0,9.825,3
403,0.0,28.0,15.85,3
404,0.0,20.0,8.6625,3
405,0.0,34.0,21.0,2
406,0.0,51.0,7.75,3
407,1.0,3.0,18.75,2
408,0.0,21.0,7.775,3
409,0.0,,25.4667,3
410,0.0,,7.8958,3
411,0.0,,6.8583,3
412,1.0,33.0,90.0,1
413,0.0,,0.0,2
414,1.0,44.0,7.925,3
415,0.0,,8.05,3
416,1.0,34.0,32.5,2
417,1.0,18.0,13.0,2
418,0.0,30.0,13.0,2
419,0.0,10.0,24.15,3
420,0.0,,7.8958,3
421,0.0,21.0,7.7333,3
422,0.0,29.0,7.875,3
423,0.0,28.0,14.4,3
424,0.0,18.0,20.2125,3
425,0.0,,7.25,3
426,1.0,28.0,26.0,2
427,1.0,19.0,26.0,2
428,0.0,,7.75,3
429,1.0,32.0,8.05,3
430,1.0,28.0,26.55,1
431,1.0,,16.1,3
432,1.0,42.0,26.0,2
433,0.0,17.0,7.125,3
434,0.0,50.0,55.9,1
435,1.0,14.0,120.0,1
436,0.0,21.0,34.375,3
437,1.0,24.0,18.75,2
438,0.0,64.0,263.0,1
439,0.0,31.0,10.5,2
440,1.0,45.0,26.25,2
441,0.0,20.0,9.5,3
442,0.0,25.0,7.775,3
443,1.0,28.0,13.0,2
444,1.0,,8.1125,3
445,1.0,4.0,81.8583,1
446,1.0,13.0,19.5,2
447,1.0,34.0,26.55,1
448,1.0,5.0,19.2583,3
449,1.0,52.0,30.5,1
450,0.0,36.0,27.75,2
451,0.0,,19.9667,3
452,0.0,30.0,27.75,1
453,1.0,49.0,89.1042,1
454,0.0,,8.05,3
455,1.0,29.0,7.8958,3
456,0.0,65.0,26.55,1
457,1.0,,51.8625,1
458,1.0,50.0,10.5,2
459,0.0,,7.75,3
460,1.0,48.0,26.55,1
461,0.0,34.0,8.05,3
462,0.0,47.0,38.5,1
463,0.0,48.0,13.0,2
464,0.0,,8.05,3
465,0.0,38.0,7.05,3
466,0.0,,0.0,2
467,0.0,56.0,26.55,1
468,0.0,,7.725,3
469,1.0,0.75,19.2583,3
470,0.0,,7.25,3
471,0.0,38.0,8.6625,3
472,1.0,33.0,27.75,2
473,1.0,23.0,13.7917,2
474,0.0,22.0,9.8375,3
475,0.0,,52.0,1
476,0.0,34.0,21.0,2
477,0.0,29.0,7.0458,3
478,0.0,22.0,7.5208,3
479,1.0,2.0,12.2875,3
480,0.0,9.0,46.9,3
481,0.0,,0.0,2
482,0.0,50.0,8.05,3
483,1.0,63.0,9.5875,3
484,1.0,25.0,91.0792,1
485,0.0,,25.4667,3
486,1.0,35.0,90.0,1
487,0.0,58.0,29.7,1
488,0.0,30.0,8.05,3
489,1.0,9.0,15.9,3
490,0.0,,19.9667,3
491,0.0,21.0,7.25,3
492,0.0,55.0,30.5,1
493,0.0,71.0,49.5042,1
494,0.0,21.0,8.05,3
495,0.0,,14.4583,3
496,1.0,54.0,78.2667,1
497,0.0,,15.1,3
498,0.0,25.0,151.55,1
499,0.0,24.0,7.7958,3
500,0.0,17.0,8.6625,3
501,0.0,21.0,7.75,3
502,0.0,,7.6292,3
503,0.0,37.0,9.5875,3
504,1.0,16.0,86.5,1
505,0.0,18.0,108.9,1
506,1.0,33.0,26.0,2
507,1.0,,26.55,1
508,0.0,28.0,22.525,3
509,1.0,26.0,56.4958,3
510,1.0,29.0,7.75,3
511,0.0,,8.05,3
512,1.0,36.0,26.2875,1
513,1.0,54.0,59.4,1
514,0.0,24.0,7.4958,3
515,0.0,47.0,34.0208,1
516,1.0,34.0,10.5,2
517,0.0,,24.15,3
518,1.0,36.0,26.0,2
519,0.0,32.0,7.8958,3
520,1.0,30.0,93.5,1
521,0.0,22.0,7.8958,3
522,0.0,,7.225,3
523,1.0,44.0,57.9792,1
524,0.0,,7.2292,3
525,0.0,40.5,7.75,3
526,1.0,50.0,10.5,2
527,0.0,,221.7792,1
528,0.0,39.0,7.925,3
529,0.0,23.0,11.5,2
530,1.0,2.0,26.0,2
531,0.0,,7.2292,3
532,0.0,17.0,7.2292,3
533,1.0,,22.3583,3
534,0.0,30.0,8.6625,3
535,1.0,7.0,26.25,2
536,0.0,45.0,26.55,1
537,1.0,30.0,106.425,1
538,0.0,,14.5,3
539,1.0,22.0,49.5,1
540,1.0,36.0,71.0,1
541,0.0,9.0,31.275,3
542,0.0,11.0,31.275,3
543,1.0,32.0,26.0,2
544,0.0,50.0,106.425,1
545,0.0,64.0,26.0,1
546,1.0,19.0,26.0,2
547,1.0,,13.8625,2
548,0.0,33.0,20.525,3
549,1.0,8.0,36.75,2
550,1.0,17.0,110.8833,1
551,0.0,27.0,26.0,2
552,0.0,,7.8292,3
553,1.0,22.0,7.225,3
554,1.0,22.0,7.775,3
555,0.0,62.0,26.55,1
556,1.0,48.0,39.6,1
557,0.0,,227.525,1
558,1.0,39.0,79.65,1
559,1.0,36.0,17.4,3
560,0.0,,7.75,3
561,0.0,40.0,7.8958,3
562,0.0,28.0,13.5,2
563,0.0,,8.05,3
564,0.0,,8.05,3
565,0.0,24.0,24.15,3
566,0.0,19.0,7.8958,3
567,0.0,29.0,21.075,3
568,0.0,,7.2292,3
569,1.0,32.0,7.8542,3
570,1.0,62.0,10.5,2
571,1.0,53.0,51.4792,1
572,1.0,36.0,26.3875,1
573,1.0,,7.75,3
574,0.0,16.0,8.05,3
575,0.0,19.0,14.5,3
576,1.0,34.0,13.0,2
577,1.0,39.0,55.9,1
578,0.0,,14.4583,3
579,1.0,32.0,7.925,3
580,1.0,25.0,30.0,2
581,1.0,39.0,110.8833,1
582,0.0,54.0,26.0,2
583,0.0,36.0,40.125,1
584,0.0,,8.7125,3
585,1.0,18.0,79.65,1
586,0.0,47.0,15.0,2
587,1.0,60.0,79.2,1
588,0.0,22.0,8.05,3
589,0.0,,8.05,3
590,0.0,35.0,7.125,3
591,1.0,52.0,78.2667,1
592,0.0,47.0,7.25,3
593,0.0,,7.75,3
594,0.0,37.0,26.0,2
595,0.0,36.0,24.15,3
596,1.0,,33.0,2
597,0.0,49.0,0.0,3
598,0.0,,7.225,3
599,1.0,49.0,56.9292,1
600,1.0,24.0,27.0,2
601,0.0,,7.8958,3
602,0.0,,42.4,1
603,0.0,44.0,8.05,3
604,1.0,35.0,26.55,1
605,0.0,36.0,15.55,3
606,0.0,30.0,7.8958,3
607,1.0,27.0,30.5,1
608,1.0,22.0,41.5792,2
609,1.0,40.0,153.4625,1
610,0.0,39.0,31.275,3
611,0.0,,7.05,3
612,1.0,,15.5,3
613,0.0,,7.75,3
614,0.0,35.0,8.05,3
615,1.0,24.0,65.0,2
616,0.0,34.0,14.4,3
617,0.0,26.0,16.1,3
618,1.0,4.0,39.0,2
619,0.0,26.0,10.5,2
620,0.0,27.0,14.4542,3
621,1.0,42.0,52.5542,1
622,1.0,20.0,15.7417,3
623,0.0,21.0,7.8542,3
624,0.0,21.0,16.1,3
625,0.0,61.0,32.3208,1
626,0.0,57.0,12.35,2
627,1.0,21.0,77.9583,1
628,0.0,26.0,7.8958,3
629,0.0,,7.7333,3
630,1.0,80.0,30.0,1
631,0.0,51.0,7.0542,3
632,1.0,32.0,30.5,1
633,0.0,,0.0,1
634,0.0,9.0,27.9,3
635,1.0,28.0,13.0,2
636,0.0,32.0,7.925,3
637,0.0,31.0,26.25,2
638,0.0,41.0,39.6875,3
639,0.0,,16.1,3
640,0.0,20.0,7.8542,3
641,1.0,24.0,69.3,1
642,0.0,2.0,27.9,3
643,1.0,,56.4958,3
644,1.0,0.75,19.2583,3
645,1.0,48.0,76.7292,1
646,0.0,19.0,7.8958,3
647,1.0,56.0,35.5,1
648,0.0,,7.55,3
649,1.0,23.0,7.55,3
650,0.0,,7.8958,3
651,1.0,18.0,23.0,2
652,0.0,21.0,8.4333,3
653,1.0,,7.8292,3
654,0.0,18.0,6.75,3
655,0.0,24.0,73.5,2
656,0.0,,7.8958,3
657,0.0,32.0,15.5,3
658,0.0,23.0,13.0,2
659,0.0,58.0,113.275,1
660,1.0,50.0,133.65,1
661,0.0,40.0,7.225,3
662,0.0,47.0,25.5875,1
663,0.0,36.0,7.4958,3
664,1.0,20.0,7.925,3
665,0.0,32.0,73.5,2
666,0.0,25.0,13.0,2
667,0.0,,7.775,3
668,0.0,43.0,8.05,3
669,1.0,,52.0,1
670,1.0,40.0,39.0,2
671,0.0,31.0,52.0,1
672,0.0,70.0,10.5,2
673,1.0,31.0,13.0,2
674,0.0,,0.0,2
675,0.0,18.0,7.775,3
676,0.0,24.5,8.05,3
677,1.0,18.0,9.8417,3
678,0.0,43.0,46.9,3
679,1.0,36.0,512.3292,1
680,0.0,,8.1375,3
681,1.0,27.0,76.7292,1
682,0.0,20.0,9.225,3
683,0.0,14.0,46.9,3
684,0.0,60.0,39.0,2
685,0.0,25.0,41.5792,2
686,0.0,14.0,39.6875,3
687,0.0,19.0,10.1708,3
688,0.0,18.0,7.7958,3
689,1.0,15.0,211.3375,1
690,1.0,31.0,57.0,1
691,1.0,4.0,13.4167,3
692,1.0,,56.4958,3
693,0.0,25.0,7.225,3
694,0.0,60.0,26.55,1
695,0.0,52.0,13.5,2
696,0.0,44.0,8.05,3
697,1.0,,7.7333,3
698,0.0,49.0,110.8833,1
699,0.0,42.0,7.65,3
700,1.0,18.0,227.525,1
701,1.0,35.0,26.2875,1
702,0.0,18.0,14.4542,3
703,0.0,25.0,7.7417,3
704,0.0,26.0,7.8542,3
705,0.0,39.0,26.0,2
706,1.0,45.0,13.5,2
707,1.0,42.0,26.2875,1
708,1.0,22.0,151.55,1
709,1.0,,15.2458,3
710,1.0,24.0,49.5042,1
711,0.0,,26.55,1
712,1.0,48.0,52.0,1
713,0.0,29.0,9.4833,3
714,0.0,52.0,13.0,2
715,0.0,19.0,7.65,3
716,1.0,38.0,227.525,1
717,1.0,27.0,10.5,2
718,0.0,,15.5,3
719,0.0,33.0,7.775,3
720,1.0,6.0,33.0,2
721,0.0,17.0,7.0542,3
722,0.0,34.0,13.0,2
723,0.0,50.0,13.0,2
724,1.0,27.0,53.1,1
725,0.0,20.0,8.6625,3
726,1.0,30.0,21.0,2
727,1.0,,7.7375,3
728,0.0,25.0,26.0,2
729,0.0,25.0,7.925,3
730,1.0,29.0,211.3375,1
731,0.0,11.0,18.7875,3
732,0.0,,0.0,2
733,0.0,23.0,13.0,2
734,0.0,23.0,13.0,2
735,0.0,28.5,16.1,3
736,0.0,48.0,34.375,3
737,1.0,35.0,512.3292,1
738,0.0,,7.8958,3
739,0.0,,7.8958,3
740,1.0,,30.0,1
741,0.0,36.0,78.85,1
742,1.0,21.0,262.375,1
743,0.0,24.0,16.1,3
744,1.0,31.0,7.925,3
745,0.0,70.0,71.0,1
746,0.0,16.0,20.25,3
747,1.0,30.0,13.0,2
748,0.0,19.0,53.1,1
749,0.0,31.0,7.75,3
750,1.0,4.0,23.0,2
751,1.0,6.0,12.475,3
752,0.0,33.0,9.5,3
753,0.0,23.0,7.8958,3
754,1.0,48.0,65.0,2
755,1.0,0.67,14.5,2
756,0.0,28.0,7.7958,3
757,0.0,18.0,11.5,2
758,0.0,34.0,8.05,3
759,1.0,33.0,86.5,1
760,0.0,,14.5,3
761,0.0,41.0,7.125,3
762,1.0,20.0,7.2292,3
763,1.0,36.0,120.0,1
764,0.0,16.0,7.775,3
765,1.0,51.0,77.9583,1
766,0.0,,39.6,1
767,0.0,30.5,7.75,3
768,0.0,,24.15,3
769,0.0,32.0,8.3625,3
770,0.0,24.0,9.5,3
771,0.0,48.0,7.8542,3
772,0.0,57.0,10.5,2
773,0.0,,7.225,3
774,1.0,54.0,23.0,2
775,0.0,18.0,7.75,3
776,0.0,,7.75,3
777,1.0,5.0,12.475,3
778,0.0,,7.7375,3
779,1.0,43.0,211.3375,1
780,1.0,13.0,7.2292,3
781,1.0,17.0,57.0,1
782,0.0,29.0,30.0,1
783,0.0,,23.45,3
784,0.0,25.0,7.05,3
785,0.0,25.0,7.25,3
786,1.0,18.0,7.4958,3
787,0.0,8.0,29.125,3
788,1.0,1.0,20.575,3
789,0.0,46.0,79.2,1
790,0.0,,7.75,3
791,0.0,16.0,26.0,2
792,0.0,,69.55,3
793,0.0,,30.6958,1
794,0.0,25.0,7.8958,3
795,0.0,39.0,13.0,2
796,1.0,49.0,25.9292,1
797,1.0,31.0,8.6833,3
798,0.0,30.0,7.2292,3
799,0.0,30.0,24.15,3
800,0.0,34.0,13.0,2
801,1.0,31.0,26.25,2
802,1.0,11.0,120.0,1
803,1.0,0.42,8.5167,3
804,1.0,27.0,6.975,3
805,0.0,31.0,7.775,3
806,0.0,39.0,0.0,1
807,0.0,18.0,7.775,3
808,0.0,39.0,13.0,2
809,1.0,33.0,53.1,1
810,0.0,26.0,7.8875,3
811,0.0,39.0,24.15,3
812,0.0,35.0,10.5,2
813,0.0,6.0,31.275,3
814,0.0,30.5,8.05,3
815,0.0,,0.0,1
816,0.0,23.0,7.925,3
817,0.0,31.0,37.0042,2
818,0.0,43.0,6.45,3
819,0.0,10.0,27.9,3
820,1.0,52.0,93.5,1
821,1.0,27.0,8.6625,3
822,0.0,38.0,0.0,1
823,1.0,27.0,12.475,3
824,0.0,2.0,39.6875,3
825,0.0,,6.95,3
826,0.0,,56.4958,3
827,1.0,1.0,37.0042,2
828,1.0,,7.75,3
829,1.0,62.0,80.0,1
830,1.0,15.0,14.4542,3
831,1.0,0.83,18.75,2
832,0.0,,7.2292,3
833,0.0,23.0,7.8542,3
834,0.0,18.0,8.3,3
835,1.0,39.0,83.1583,1
836,0.0,21.0,8.6625,3
837,0.0,,8.05,3
838,1.0,32.0,56.4958,3
839,1.0,,29.7,1
840,0.0,20.0,7.925,3
841,0.0,16.0,10.5,2
842,1.0,30.0,31.0,1
843,0.0,34.5,6.4375,3
844,0.0,17.0,8.6625,3
845,0.0,42.0,7.55,3
846,0.0,,69.55,3
847,0.0,35.0,7.8958,3
848,0.0,28.0,33.0,2
849,1.0,,89.1042,1
850,0.0,4.0,31.275,3
851,0.0,74.0,7.775,3
852,0.0,9.0,15.2458,3
853,1.0,16.0,39.4,1
854,0.0,44.0,26.0,2
855,1.0,18.0,9.35,3
856,1.0,45.0,164.8667,1
857,1.0,51.0,26.55,1
858,1.0,24.0,19.2583,3
859,0.0,,7.2292,3
860,0.0,41.0,14.1083,3
861,0.0,21.0,11.5,2
862,1.0,48.0,25.9292,1
863,0.0,,69.55,3
864,0.0,24.0,13.0,2
865,1.0,42.0,13.0,2
866,1.0,27.0,13.8583,2
867,0.0,31.0,50.4958,1
868,0.0,,9.5,3
869,1.0,4.0,11.1333,3
870,0.0,26.0,7.8958,3
871,1.0,47.0,52.5542,1
872,0.0,33.0,5.0,1
873,0.0,47.0,9.0,3
874,1.0,28.0,24.0,2
875,1.0,15.0,7.225,3
876,0.0,20.0,9.8458,3
877,0.0,19.0,7.8958,3
878,0.0,,7.8958,3
879,1.0,56.0,83.1583,1
880,1.0,25.0,26.0,2
881,0.0,33.0,7.8958,3
882,0.0,22.0,10.5167,3
883,0.0,28.0,10.5,2
884,0.0,25.0,7.05,3
885,0.0,39.0,29.125,3
886,0.0,27.0,13.0,2
887,1.0,19.0,30.0,1
888,0.0,,23.45,3
889,1.0,26.0,30.0,1
890,0.0,32.0,7.75,3
891,,34.5,7.8292,3
892,,47.0,7.0,3
893,,62.0,9.6875,2
894,,27.0,8.6625,3
895,,22.0,12.2875,3
896,,14.0,9.225,3
897,,30.0,7.6292,3
898,,26.0,29.0,2
899,,18.0,7.2292,3
900,,21.0,24.15,3
901,,,7.8958,3
902,,46.0,26.0,1
903,,23.0,82.2667,1
904,,63.0,26.0,2
905,,47.0,61.175,1
906,,24.0,27.7208,2
907,,35.0,12.35,2
908,,21.0,7.225,3
909,,27.0,7.925,3
910,,45.0,7.225,3
911,,55.0,59.4,1
912,,9.0,3.1708,3
913,,,31.6833,1
914,,21.0,61.3792,1
915,,48.0,262.375,1
916,,50.0,14.5,3
917,,22.0,61.9792,1
918,,22.5,7.225,3
919,,41.0,30.5,1
920,,,21.6792,3
921,,50.0,26.0,2
922,,24.0,31.5,2
923,,33.0,20.575,3
924,,,23.45,3
925,,30.0,57.75,1
926,,18.5,7.2292,3
927,,,8.05,3
928,,21.0,8.6625,3
929,,25.0,9.5,3
930,,,56.4958,3
931,,39.0,13.4167,3
932,,,26.55,1
933,,41.0,7.85,3
934,,30.0,13.0,2
935,,45.0,52.5542,1
936,,25.0,7.925,3
937,,45.0,29.7,1
938,,,7.75,3
939,,60.0,76.2917,1
940,,36.0,15.9,3
941,,24.0,60.0,1
942,,27.0,15.0333,2
943,,20.0,23.0,2
944,,28.0,263.0,1
945,,,15.5792,2
946,,10.0,29.125,3
947,,35.0,7.8958,3
948,,25.0,7.65,3
949,,,16.1,3
950,,36.0,262.375,1
951,,17.0,7.8958,3
952,,32.0,13.5,2
953,,18.0,7.75,3
954,,22.0,7.725,3
955,,13.0,262.375,1
956,,,21.0,2
957,,18.0,7.8792,3
958,,47.0,42.4,1
959,,31.0,28.5375,1
960,,60.0,263.0,1
961,,24.0,7.75,3
962,,21.0,7.8958,3
963,,29.0,7.925,3
964,,28.5,27.7208,1
965,,35.0,211.5,1
966,,32.5,211.5,1
967,,,8.05,3
968,,55.0,25.7,1
969,,30.0,13.0,2
970,,24.0,7.75,3
971,,6.0,15.2458,3
972,,67.0,221.7792,1
973,,49.0,26.0,1
974,,,7.8958,3
975,,,10.7083,2
976,,,14.4542,3
977,,27.0,7.8792,3
978,,18.0,8.05,3
979,,,7.75,3
980,,2.0,23.0,2
981,,22.0,13.9,3
982,,,7.775,3
983,,27.0,52.0,1
984,,,8.05,3
985,,25.0,26.0,1
986,,25.0,7.7958,3
987,,76.0,78.85,1
988,,29.0,7.925,3
989,,20.0,7.8542,3
990,,33.0,8.05,3
991,,43.0,55.4417,1
992,,27.0,26.0,2
993,,,7.75,3
994,,26.0,7.775,3
995,,16.0,8.5167,3
996,,28.0,22.525,3
997,,21.0,7.8208,3
998,,,7.75,3
999,,,8.7125,3
1000,,18.5,13.0,2
1001,,41.0,15.0458,2
1002,,,7.7792,3
1003,,36.0,31.6792,1
1004,,18.5,7.2833,3
1005,,63.0,221.7792,1
1006,,18.0,14.4542,3
1007,,,6.4375,3
1008,,1.0,16.7,3
1009,,36.0,75.2417,1
1010,,29.0,26.0,2
1011,,12.0,15.75,2
1012,,,7.75,3
1013,,35.0,57.75,1
1014,,28.0,7.25,3
1015,,,7.75,3
1016,,17.0,16.1,3
1017,,22.0,7.7958,3
1018,,,23.25,3
1019,,42.0,13.0,2
1020,,24.0,8.05,3
1021,,32.0,8.05,3
1022,,53.0,28.5,1
1023,,,25.4667,3
1024,,,6.4375,3
1025,,43.0,7.8958,3
1026,,24.0,7.8542,3
1027,,26.5,7.225,3
1028,,26.0,13.0,2
1029,,23.0,8.05,3
1030,,40.0,46.9,3
1031,,10.0,46.9,3
1032,,33.0,151.55,1
1033,,61.0,262.375,1
1034,,28.0,26.0,2
1035,,42.0,26.55,1
1036,,31.0,18.0,3
1037,,,51.8625,1
1038,,22.0,8.05,3
1039,,,26.55,1
1040,,30.0,26.0,2
1041,,23.0,83.1583,1
1042,,,7.8958,3
1043,,60.5,,3
1044,,36.0,12.1833,3
1045,,13.0,31.3875,3
1046,,24.0,7.55,3
1047,,29.0,221.7792,1
1048,,23.0,7.8542,3
1049,,42.0,26.55,1
1050,,26.0,13.775,3
1051,,,7.7333,3
1052,,7.0,15.2458,3
1053,,26.0,13.5,2
1054,,,7.0,3
1055,,41.0,13.0,2
1056,,26.0,22.025,3
1057,,48.0,50.4958,1
1058,,18.0,34.375,3
1059,,,27.7208,1
1060,,22.0,8.9625,3
1061,,,7.55,3
1062,,27.0,7.225,3
1063,,23.0,13.9,3
1064,,,7.2292,3
1065,,40.0,31.3875,3
1066,,15.0,39.0,2
1067,,20.0,36.75,2
1068,,54.0,55.4417,1
1069,,36.0,39.0,2
1070,,64.0,83.1583,1
1071,,30.0,13.0,2
1072,,37.0,83.1583,1
1073,,18.0,53.1,1
1074,,,7.75,3
1075,,27.0,247.5208,1
1076,,40.0,16.0,2
1077,,21.0,21.0,2
1078,,17.0,8.05,3
1079,,,69.55,3
1080,,40.0,13.0,2
1081,,34.0,26.0,2
1082,,,26.0,1
1083,,11.5,14.5,3
1084,,61.0,12.35,2
1085,,8.0,32.5,2
1086,,33.0,7.8542,3
1087,,6.0,134.5,1
1088,,18.0,7.775,3
1089,,23.0,10.5,2
1090,,,8.1125,3
1091,,,15.5,3
1092,,0.33,14.4,3
1093,,47.0,227.525,1
1094,,8.0,26.0,2
1095,,25.0,10.5,2
1096,,,25.7417,1
1097,,35.0,7.75,3
1098,,24.0,10.5,2
1099,,33.0,27.7208,1
1100,,25.0,7.8958,3
1101,,32.0,22.525,3
1102,,,7.05,3
1103,,17.0,73.5,2
1104,,60.0,26.0,2
1105,,38.0,7.775,3
1106,,42.0,42.5,1
1107,,,7.8792,3
1108,,57.0,164.8667,1
1109,,50.0,211.5,1
1110,,,8.05,3
1111,,30.0,13.8583,2
1112,,21.0,8.05,3
1113,,22.0,10.5,2
1114,,21.0,7.7958,3
1115,,53.0,27.4458,1
1116,,,15.2458,3
1117,,23.0,7.7958,3
1118,,,7.75,3
1119,,40.5,15.1,3
1120,,36.0,13.0,2
1121,,14.0,65.0,2
1122,,21.0,26.55,1
1123,,21.0,6.4958,3
1124,,,7.8792,3
1125,,39.0,71.2833,1
1126,,20.0,7.8542,3
1127,,64.0,75.25,1
1128,,20.0,7.225,3
1129,,18.0,13.0,2
1130,,48.0,106.425,1
1131,,55.0,27.7208,1
1132,,45.0,30.0,2
1133,,45.0,134.5,1
1134,,,7.8875,3
1135,,,23.45,3
1136,,41.0,51.8625,1
1137,,22.0,21.0,2
1138,,42.0,32.5,2
1139,,29.0,26.0,2
1140,,,14.4542,3
1141,,0.92,27.75,2
1142,,20.0,7.925,3
1143,,27.0,136.7792,1
1144,,24.0,9.325,3
1145,,32.5,9.5,3
1146,,,7.55,3
1147,,,7.75,3
1148,,28.0,8.05,3
1149,,19.0,13.0,2
1150,,21.0,7.775,3
1151,,36.5,17.4,3
1152,,21.0,7.8542,3
1153,,29.0,23.0,2
1154,,1.0,12.1833,3
1155,,30.0,12.7375,2
1156,,,7.8958,3
1157,,,0.0,1
1158,,,7.55,3
1159,,,8.05,3
1160,,17.0,8.6625,3
1161,,46.0,75.2417,1
1162,,,7.75,3
1163,,26.0,136.7792,1
1164,,,15.5,3
1165,,,7.225,3
1166,,20.0,26.0,2
1167,,28.0,10.5,2
1168,,40.0,26.0,2
1169,,30.0,21.0,2
1170,,22.0,10.5,2
1171,,23.0,8.6625,3
1172,,0.75,13.775,3
1173,,,7.75,3
1174,,9.0,15.2458,3
1175,,2.0,20.2125,3
1176,,36.0,7.25,3
1177,,,7.25,3
1178,,24.0,82.2667,1
1179,,,7.2292,3
1180,,,8.05,3
1181,,,39.6,1
1182,,30.0,6.95,3
1183,,,7.2292,3
1184,,53.0,81.8583,1
1185,,36.0,9.5,3
1186,,26.0,7.8958,3
1187,,1.0,41.5792,2
1188,,,21.6792,3
1189,,30.0,45.5,1
1190,,29.0,7.8542,3
1191,,32.0,7.775,3
1192,,,15.0458,2
1193,,43.0,21.0,2
1194,,24.0,8.6625,3
1195,,,7.75,3
1196,,64.0,26.55,1
1197,,30.0,151.55,1
1198,,0.83,9.35,3
1199,,55.0,93.5,1
1200,,45.0,14.1083,3
1201,,18.0,8.6625,3
1202,,22.0,7.225,3
1203,,,7.575,3
1204,,37.0,7.75,3
1205,,55.0,135.6333,1
1206,,17.0,7.7333,3
1207,,57.0,146.5208,1
1208,,19.0,10.5,2
1209,,27.0,7.8542,3
1210,,22.0,31.5,2
1211,,26.0,7.775,3
1212,,25.0,7.2292,3
1213,,26.0,13.0,2
1214,,33.0,26.55,1
1215,,39.0,211.3375,1
1216,,23.0,7.05,3
1217,,12.0,39.0,2
1218,,46.0,79.2,1
1219,,29.0,26.0,2
1220,,21.0,13.0,2
1221,,48.0,36.75,2
1222,,39.0,29.7,1
1223,,,7.225,3
1224,,19.0,15.7417,3
1225,,27.0,7.8958,3
1226,,30.0,26.0,1
1227,,32.0,13.0,2
1228,,39.0,7.2292,3
1229,,25.0,31.5,2
1230,,,7.2292,3
1231,,18.0,10.5,2
1232,,32.0,7.5792,3
1233,,,69.55,3
1234,,58.0,512.3292,1
1235,,,14.5,3
1236,,16.0,7.65,3
1237,,26.0,13.0,2
1238,,38.0,7.2292,3
1239,,24.0,13.5,2
1240,,31.0,21.0,2
1241,,45.0,63.3583,1
1242,,25.0,10.5,2
1243,,18.0,73.5,2
1244,,49.0,65.0,2
1245,,0.17,20.575,3
1246,,50.0,26.0,1
1247,,59.0,51.4792,1
1248,,,7.8792,3
1249,,,7.75,3
1250,,30.0,15.55,3
1251,,14.5,69.55,3
1252,,24.0,37.0042,2
1253,,31.0,21.0,2
1254,,27.0,8.6625,3
1255,,25.0,55.4417,1
1256,,,69.55,3
1257,,,14.4583,3
1258,,22.0,39.6875,3
1259,,45.0,59.4,1
1260,,29.0,13.8583,2
1261,,21.0,11.5,2
1262,,31.0,134.5,1
1263,,49.0,0.0,1
1264,,44.0,13.0,2
1265,,54.0,81.8583,1
1266,,45.0,262.375,1
1267,,22.0,8.6625,3
1268,,21.0,11.5,2
1269,,55.0,50.0,1
1270,,5.0,31.3875,3
1271,,,7.75,3
1272,,26.0,7.8792,3
1273,,,14.5,3
1274,,19.0,16.1,3
1275,,,12.875,2
1276,,24.0,65.0,2
1277,,24.0,7.775,3
1278,,57.0,13.0,2
1279,,21.0,7.75,3
1280,,6.0,21.075,3
1281,,23.0,93.5,1
1282,,51.0,39.4,1
1283,,13.0,20.25,3
1284,,47.0,10.5,2
1285,,29.0,22.025,3
1286,,18.0,60.0,1
1287,,24.0,7.25,3
1288,,48.0,79.2,1
1289,,22.0,7.775,3
1290,,31.0,7.7333,3
1291,,30.0,164.8667,1
1292,,38.0,21.0,2
1293,,22.0,59.4,1
1294,,17.0,47.1,1
1295,,43.0,27.7208,1
1296,,20.0,13.8625,2
1297,,23.0,10.5,2
1298,,50.0,211.5,1
1299,,,7.7208,3
1300,,3.0,13.775,3
1301,,,7.75,3
1302,,37.0,90.0,1
1303,,28.0,7.775,3
1304,,,8.05,3
1305,,39.0,108.9,1
1306,,38.5,7.25,3
1307,,,8.05,3
1308,,,22.3583,3
